KBS "1박2일" 욕지도 복불복에 추천된 충무김밥집이다.							
평창동의 명소, 평창동 언덕마을에 유럽풍의 아름다운 음식점 & 카페. 1층에는 커피는 물론 계절빙수, 단팥죽, 호박죽, 허브티를 파는 카페, 2층에는 식당이 있다. 2층 식당에서는 평창동 봄만의 특별한 한정식 코스 요리와 웰빙 삼계탕 등의 음식을  선보이고 있다. 3층은 최대 40명수용의 연회룸이 있고, 갤러리 전시와 건강교실도 운영하고 있다. 							
음봉가든 (구, 진짜네집)은 자연산 민물고기만을 고집하는 50년 전통의 진정한 매운탕전문점이다. 주재료로 쓰이고 있는 메기 및 쏘가리, 빠가사리등은 주인이 직접 낚아 올린 물고기로 매우 신선하며 매운탕 역시 얼큰하고 개운하다. 또한 집앞에서 직접 재배하고 키우는 야채와 채소는 매운탕의 국물맛을 더욱 맛나게 해준다.							
경기 북부지방에선 국수나 수제비를 넣어 국물을 넉넉하게 만든 음식을 '털레기'라 하는데 이곳은 '미꾸라지털레기'를 주메뉴로 하는 30여년 내력의 경기 북부지방 대표향토음식점이다. 주인이 직접 야채와 채소를 재배하는데 고춧가루까지도 직접 재배한 것을 사용한다고하니 그 사명감이 대단하다 할 수 있겠다. 통미꾸라지매운탕의 옛맛을 찾는 사람이라면 꼭 한번은 들려봐야 전통 맛집이다.							
부드러운 닭고기 육질에 구수한 누룽지가 함께 하는 '누룽지삼계탕'. 거기다 잘 익은 김치 한 점 더 한다면 그 어떤 맛도 부러울 것이 없다. 식사메뉴인 '누룽지삼계탕'과 '쟁반막국수', 안주메뉴인 골뱅이무침 메뉴가 전부인 '장수촌'은 경기도 광명의 대표맛집으로 토종닭 선별부터 양념 재료 하나 하나까지 일일이 주인이 직접 선별하는 그 정성과 끈기가 맛의 비결이라 할 수 있겠다.							
부천 사람이라면 모르는 이 없을 정도로 유명한 집이다. 돼지고기와 국물에서 냄새가 안나 여성이나 어린이들 특히 어르신들 보양식으로도 입소문이 난 곳인데, 부재료 보다는 뼈다귀로 양을 채우는 그 푸짐함 또한 그 소문이 자자하다. 양질의 돼지 뼈에 사골 국물과 우거지를 넣어 맛을 낸 뼈다귀 해장국. 그 맛을 제대로 만날 수 있는 대표적인 음식점이다. 							
닭요리의 으뜸이라 해도 과언이 아닌 '남한산성 닭죽촌민속마을' 에서 남한산성 등산후 가장 많이 찾는 집 중에 한 집이다. 특히 이집은 닭백숙 이외에 '닭도가니'로도 유명한데 이집의 '도가니'는 소의 도가니를 뜻 하는 것이 아니라 장독대의 '독'에서 유래된 말로 '독'에 밥과 닭과 여러보약재를 넣어 만드는 것으로 그 맛과 영양면에서 닭요리 중에 최고라 할 수 있겠다.							
경기도 시흥의 지역특산물 중의 하나가 바로 '연'이다. 연은 수련과에 속하는 다년생 수생식물로 뿌리채소로는 드물게 다량의 비타민과 무기질을 함유하고 있어 최근 건강식 식품원료로 각광받고 있으나 그 효능에 비해 다양한 조리방법이 개발되어 있지 않아 흔히 '연'하면 '연근' 반찬 이외엔 생각나는 것이 없는데, 물왕동 연요리전문점 '장금이'를 찾으면 그렇지 않음을 직접 확인 할 수 있다. 흔치 않은 색다른 한정식을 원한다면 한 번쯤은 꼭 한 번 들러 연밥정식과 연잎수육을 맛 봐야 할 곳이다. 							
경기도 안성의 농산물 브랜드 '안성마춤'을 내세워 만든 고품격 갤러리풍 식당으로 각종 공연과 작품전시회 감상과 동시에 농협에서 직접 운영하는 특등급 안성한우를 맞볼 수 있는 곳으로 유명한 집이다. 특히 안성마춤한우 중에 10%만 생산된다는 슈프림급 한우는 늦어도 하루 전에는 꼭 예약을 해야 그 맛을 볼 수 있다 하여 그 희소성에 더더욱 인기가 높다.							
민물고기 중에 살이 탱탱하고 쫄깃한 맛으로 매운탕 재료 중에 으뜸이라 불리우는 '쏘가리'를 메인메뉴로 자랑하는 이집의 '쏘가리매운탕'은 임진강에서 직접 잡아올린 자연 그대로의 그 담백하고 칼칼한 맛이 일품이라 할 수 있다.							
한국전쟁 직후 식량난에 허덕이던 시민들이 미군부대 생활용품 처리장을 뒤져 쓰고남은 고기등을 가져다 쇠통에 넣어 끓여 만든 꿀꿀이죽이 그 원조인 '부대찌개'. 그러나 이젠 소시지와 햄과 각종 사리가 가득 담긴 영양만점의 찌개로 세대교체되어 그 명성 역시 가히 전국구라 할 수 있게 되었는데, 그 중에 의정부의 부대찌개는 '의정부찌개'로 불리워질 만큼 그 맛을 인정 받았는데 이중 가장 대표적인 집중의 하나가 바로 '보영식당'이다. 직접 담근 보리고추장과 김치에서 우러나는 그 속 깊은 얼큰함을 꼭 한 번 맛보길 바란다. 							
검단산 등산객들에겐 꿀맛과도 같은 유명한 식당이다. 족구장, 노래방, 방갈로 시설들이 갖추어져 있어 놀이와 휴식이 가능한 곳으로 직접 운영하는 농장 구경도 하고 진흙구이의 별미도 먹고 야장에서의 모닥불 추억까지 주말 나들이족에겐 더 할 나위 없이 좋은 곳이다. 오리와 함께 돼지 왕갈비, 생삼겹살까지 모든 고기는 국내산 고기로 오리뼈를 24시간 동안 푹고아서 만든 녹두죽은 이집의 별미 중의 별미. 							
경기도 화성 궁평리와 제부도의 갯벌은 바지락으로 유명하다. 깨끗한 바닷물 그리고 썰물이 되면 4km 정도까지 펼쳐지는 넓은 갯벌 덕분에 바지락의 질이 좋고 그 맛이 유난히 쫄깃하기 때문인다. 이것이 바로 '봉가 우리밀 손 칼국수'가 자랑하는 맛의 비결이다. 단백질과 미네랄이 풍부한 자연 그대로의 바지락맛을 만날 수 있는 칼국수집. '밀'전문점으로도 유명하다.							
강원도 고산지에서만 채취할 수 있는 자연 그대로의 무공해 '곤드레나물'로 밥을 짓는 입소문 유명한 밥집이다. 정성도 정성이지만 인스턴트음식과는 비교가 안되는 담백하고 신선한 땡기는 밥맛이야 말로 이 식당의 대박비결. 저렴한 가격에 웰빙을 찾는 손님이라면 꼭 한 번쯤 들려 먹어봐야할 우리네 밥상이다.							
이집 백숙의 가장 큰 특징은 바로 뽕잎 장아찌와 과일을 이용해 담근 백김치(특허등록예정)를 닭백숙과 조화 시켰다는 점이다. 상부로 솟구치는 기운을 내려 잡는 뽕잎 장아찌를 황기의 기운과 함께 어울린 뒤 상큼하게 입맛 돋우는 백김치 한 점 먹는다면 백숙에 대한 또 다른 시야를 얻게 될 것이다.							
충남 서천 춘장대해수욕장에 위치해 있는 풍광 좋은 횟집이다. 이집은 가을 '전어구이'로 유명하기도 하지만, 매일 새벽 서해바다에서 잡아올린 신선도 100%의 자연산 횟감에 주인이 직접 농사 지은 쌀과 채소로 만든 친환경 밑반찬이 바로 그 인기 비결이다. 특히 반찬 중에 간장에 숙성시킨 바우지(서해안 게) 맛은 이집에서만 맛 볼 수 있는 별미다.							
병천순대의 역사는 1950년대까지 거슬러 올라갈 만큼 전통이 깊다. 병천순대는 당시 마을 인근에 대형 육가공공장이 들어서면서 마을 사람들이 돼지머리와 등뼈·염통 등의 부산물을 공짜로 얻어 와 순대와 국밥으로 만들어 먹던 것이 발단이 됐는데 이를 상품화해 '병천순대'를 알리게 된 원조집이 두 곳이 있는데, 그 중 한 곳이 바로 이 집 '충남집'이다. 얼리지 않은 신선한 돼지 소장을 전통 그대로의 방식으로 6시간 푹 고아 우려낸 돼지갈비 국물과 함께 요리해 담아낸 그 깔끔한 맛은 여전히 유명하다.							
박속밀국낙지탕은 꽃게장, 게꾹지, 우럭젓국찌개 등과 함께 태안의 향토음식 중 하나로서 박과 야채를 넣어 끓인 국물에 낙지를 넣어 살짝 익혀 먹은 후 그 육수에 수제비나 칼국수를 넣어 함께 먹는 음식으로 시원하고 맑은 국물과 쫄깃한 낙지의 조화가 일품이다. 							
궁리포구 입구에 위치한 이집은 싱싱한 활어를 직송해 내오는 모듬회 인기 만큼이나 입맛 돋구는 밑반찬과 깔끔한 뒷맛이 일품인 전어회 또한 유명해 손님 중 99%가 단골이라 할 만큼 그 유명세가 대단한 곳이다. 더욱이 이집을 찾아가면서 즐길 수 있는 홍성방조제부터 궁리포구까지의 해안 드라이브 코스는 바닷가를 옆구리에 끼고 달리는 것 같은 착각을 일으킬 만큼 그 경관이 뛰어나 찾아오는 이의 발걸음을 즐겁게 해 준다.							
자연의 약속'은 괴산증평 한우 브랜드로 국립농산물품질관리원으로부터 국내 최초로 무항생제 축산물 인증을 받았다는 점에서 일단은 믿음이 가고, 두번째로는 증평축협의 직영매장이라 가격면에서 거품이 없다는 것이 가장 큰 특징이다. 거기다 '명품한우'에 걸 맞는 인테리어와 서비스는 여느 직영매장과는 확연히 차별이 되는 명품 직영매장이라 할 수 있겠다.							
잉어과의 민물고기인 참마자는 뼈가 부드럽고 피라미보다 맛이 좋아 도리뱅뱅이로는 귀한 재료다. 그러다보니 참마자로 하는 도리뱅뱅이집 또한 귀하기 마련인데, 그 몇 집 안되는 식당 중의 하나가 바로 '구룡식당'이다. 특히 이 집은 2006년 충북음식경연대회에서 대상을 수상한 향토음식점으로 매콤하면서도 달짝지근한 양념을 얹은 참마자 튀김에 채 썬 인삼과 부추를 곁들여 먹는 그 맛이 기가 막히게 맛있다. 붕어 어죽 역시도 꼭 맛 볼만 하다. 							
김천시 지례면은 오래전부터 이름난 토종 흑돼지(꺼먹돼지)의 집산지다. 흑돼지는 쫄깃한 육질과 담백한 맛이 특별해 전국적으로 그 인기가 높아 면사무소가 있는 교리에만 흑돼지 전문식당이 12곳이나 되는데 그 중에 대표 업소가 바로 이곳, 3대를 이어가는 '장영선 원조 지례삼거리 불고기' 식당이다. 아삭아삭 씹히는 담백한 '왕소금구이'를 먹은 후에 맛보는 매콤한 '양념불고기'. 직접 담근 장맛과 함께 입 안에 퍼지는 은근한 연탄불 내음과 혀끝에 느껴지는 고기, 비계, 껍데기 부분의 육질은 제대로 흑돼지의 고기 맛이라 할 수 있겠다. 그리고, 마지막으로 맛보는 된장찌개와 시레기국 역시도 빼놓을 수 없는 이집의 자랑거리다.							
겨울에는 덕유산으로 유명하고, 여름에는 반딧불이 축제로 유명한 무주에는 또 유명한 것이 하나 있다. 바로 '어죽'이다. 금강의 청정지역에서 갓 잡은 생선으로 죽을 쑨 무주 어죽은, 충청도의 "금산 어죽"이나 충남 예산의 "예당호 어죽"과 어깨를 나란히 한다. 어린 시절 천렵 놀이를 한 후, 쨍한 여름 햇볕아래서 끓여 먹었던 그 어죽. 그리고 강변에 사는 어부나 농부가 여름의 보양식으로 끓여 먹었던 그 어죽맛을 무주에서 느낄 수 있는 것이다. 							
허브와 함께 오리를 구워냄으로써 오리특유의 잡내를 없애면서도 동시에 허브의 산뜻하면서도 강한 맛을 오리에 접목시킨 오리요리 전문점이다. 오리와 향기로운 허브와 인삼, 대추 등 20여가지의 보약재를 황토가마에 넣은 뒤 3시간 동안 구워만든 흙가든 허브오리는 오리기름이 빠지고 난 뒤에 맛보는 담백함과 고소함을 느낄 수 있다. 							
골동반'이란 여러 가지 귀한 것들이 갖추어져 있다는 뜻으로 옛날 임금님 수라에 오른 비빔밥을 골동반이라 하였는데, 고궁의 골동반은 이러한 궁중의 비빔밥을 현대 감각에 맞도록 맛을 살려 재현한 것으로 그 상차림을 보면 해물신선로, 모주, 전주식육회, 모듬전, 갈비떡찜, 삼합, 북어구이, 황포묵무침, 수삼샐러드, 잡채 등 실로 대단하다 할 수 있다. 해마다 관광안내지도에 빠지지 않고 지명되는 업소인 만큼 전주에 방문 한다면 꼭 한 번 들러봐야할 명소 중에 명소다.							
50년 전통의 묵집이다. 도토리 특유의 야들, 쫄깃한 씹는 맛과 쌉쌀한 국물이 어우러져 단촐하고 투박한 시골의 옛맛을 느낄 수 있는 곳이다. '강태분'할머니로 시작해 3대째 가업을 이어가고 있는 이집은 대전 유성을 찾는 사람이라면 꼭 한 번 들러 맛을 보는 대전의 대표 맛집으로 1993년 대전엑스포 때 전국적으로 퍼지게 된 '묵말이'의 원조집이라 할 수 있겠다. 양푼에 채썬 야채를 듬뿍 담아 고추장으로 비벼낸 이집의 보리밥 또한 일품이다.   							
밥맛으로 치면 돌솥밥 보다 한 수 위가 무쇠솥밥이라고 한다. 무쇠솥은 불에 가까울수록 그 두께가 두껍고 불과 멀어질수록 두께가 얇아 수분함량비율이 높으면서도 층별 밥알의 형태도 일정하게 유지시켜준다 하여 밥맛이 좋기로 유명한데 거기다 보약이 따로 없는 영양만점의 송이를 곁들여 밥을 짓는다. 그것이 바로 이집의 자랑 '송이무쇠솥밥정식'이다.							
팔공산 주변에서 '호박전으로 유명한 곳!' 하면 바로 이곳이다. 노릇노릇하게 구워져 나온 따근한 호박전 한 입 꿀꺽 한 뒤 맛보는 촌두부와 미나리무침의 향연. 먹어본 사람은 안다. "직접 기르고 직접 수확해 만든 음식의 맛이 바로 이런 것이구나.." 하는 생각 말이다. 공기좋고 물 좋은 곳에서 제대로된 우리네 향토음식을 맛 보고 싶다면, 바로 이곳이다.							
인삼도토리수제비'가 유명한 곳이다. 인삼, 도토리수제비, 팽이버섯, 잣, 대추, 닭고기와 육수, 은행, 파가 들어가 알싸하면서도 시원한 맛이 건강까지 챙겨준다 하니 그 입소문이 대단하다. 그리고, 또 하나 유명한 것이 '인삼콩나물해장국'이다. 한우등뼈를 푹 고아 만든 육수에 곱게 익은 쇠고기와 인삼, 은행, 대추, 마늘. 그리고 아삭한 콩나물이 어우러져 따끈하게 속을 달래주니 해장국으로서도 제격이다. 내용물로 봐선 보양탕이라해도 될만하다.							
영남 8경 중에 하나로 손꼽히는 금오산. 그 밑자락에는 꽤 여럿의 닭백숙집이 모여 있다. 그리고, 그 중에 2대에 걸쳐 닭과 오리만을 고집하며 장인정신을 이어가고 있는 유명한 곳이 바로 이집이다. 직접 농사 지은 식자재며 직접 담근 장. 거기다 청국, 당귀, 작약 등 30여 가지의 금오산 약재들과 금오산 정기 받은 토종닭이 만나 이집의 보양식이 된다. 							
문경시 농업기술센터가 게르마늄 성분 등이 들어있는 거정석을 사료첨가제로 먹여 키운 약돌돼지는 돼지 특유의 누린내가 없고, 육질이 쫄깃하고 부드럽기로 유명하다. 특히 우리 몸에 이로운 불포화 지방산과 필수 아미노산이 함유되어 건강에 좋고 밤, 대추, 인삼 등 몸에 좋은 한약재료를 넣어 끓인 맑은 육수에 청청지역에서 자란 깨끗하고 신선한 야채를 살짝 데쳐서 함께 먹는 돼지고기 샤브샤브의 맛은 그 깔끔함이 일품이다. 거기다 갖은 한약재를 넣어 만든 건강한방찜 역시 이곳의 대표메뉴로 성인병 예방에 탁월하다.							
낙동강 한우촌'은 13명의 영농조합회원이 공동으로 운영하는 곳으로 사육한 한우를 생산가격 그대로 직접 판매하는 곳이라 그 가격이 저렴해 입소문이 난 곳이다. 특히 순수 우리 한우 중에도 거세우만을 도축하여 품질좋은 1등급 한우만을 내놓기 때문에 그 육질이 매우 부드럽다. 맛깔스런 파재래기와 육회도 그 맛이 훌륭해 입소문이 자자하다.							
20년 넘는 한결같은 맛 때문에 전국적으로 단골손님이 많아 그 유명세가 대단한 곳이다. 주요리인 꿩샤브샤브는 살을 바른 꿩의 뼈를 8시간 동안 고아 만든 육수에 투명할 정도로 얇게 썬 가슴살 샤브와 야채를 함께 데쳐 먹는 것으로 담백하고 구수한 그 맛이 일품이다. 그리고, 참깨를 넣고 볶은 요리, 꿩탕수육, 꿩만두, 남은 육수로 끓인 수제비까지 5가지로 코스가 이어지는데 그 맛 또한 깔끔하다. 특히 참외의 고장답게 참외장아찌가 반찬으로 나오는데 그 맛이 별미다.							
살이 차지 않은 대게가 상 위로 올라왔다면 주인이 바로 달려와 살이 꽉찬 대게로 바꾸어 주는 집이다. 그 정성 때문일까? 이곳은 오랜동안 단골이 끊이지 않는 영덕대게의 명소. 큰 몸집에 비해 껍질이 얇아 유명한 영덕대게. 그 얇은 껍질 속 꽉찬 게살을 입에 한 점 넣으면 영덕대게만의 독특한 향내음과 함께 쫄깃쫄깃 담백한 그 맛이 일품이다.							
일교차가 심한 영양군에서 자라나는 고추는 과피가 두껍고 식물성지방도 많고 빛깔도 진하고 선명하다해서 빻으면 가루가 많이나고 국물에도 빛깔과 맛이 잘 우러난다. 이때문에 전국적인 명성을 얻어 '영양고추'가 유명한데 동시에 산채도 많이 나기로 유명하다. '가장 먼저 해와 달을 볼 수 있다' 하여 붙여진 일월산 산채는 조선시대 임금님께 진상되기도 했던 것으로 특히 '금죽'은 맛과 향이 빼어나 궁중에서도 귀하게 여겼다고 한다. 그러니 일월산에서 주인가족이 직접 캔 산나물로 내오는 이집의 토속음식을 꼭 한 번 맛 보길 권한다.							
영천장에는 곰탕골목이라고 있는데 그 중에 '제2회 한국음식대전 동상 수상, 2006년 전국재래시장 우수점포100집 선정'에 빛나는 집이 바로 이곳이다. 30년 넘게 영천장에서 곰탕을 끓였던 시부모에게 육수의 비법을 전수 받아 지금은 며느리가 주인 자리를 맡고 있는데 그 세월 또한 벌써 20년이 넘었다. 5일장에서 상설시장으로 바뀐 영천시장도 구경하고 인심 좋은 곰탕 한그릇에 끼니도 달랜다면 제대로 된 시골장 구경이라 할 수 있겠다. 							
돼지막창은 다른 창자에 비해 두툼하면서도 부드러운데, 전국에 유명한 순대나 순대전문점들이 많이 있지만 이런 돼지막창으로 순대를 만드는 집은 그리 많지 않다. 그래서 그 희소성으로 이곳을 찾는 이가 많은데, 찹쌀, 정구지, 당면, 청양고추 등 18가지 재료가 들어간 구수한 막창순대 한 점 입에 넣으면 두툼해 보이던 그 두께는 새우젓향과 함께 부드럽게 무너지고, 씹힐 때 마다 꾹꾹 잘리는 연한 질감 사이로 달착지근한 맛이 베어나오는 것이 참으로 일품이다. 신선한 국산 막창의 힘을 보여주는 곳이라 할 수 있겠다.							
50년 넘게 3대째 전통을 이어가고 있는 순대국 전문점이다. 국산돼지 사골뼈를 연탄불에 30시간씩 우려내 육수를 만든다 하니 그 정성이 바로 이 집의 인기비결이라 할 수 있겠다. 구수한 순대국에 알싸한 겉절이, 새콤달콤한 깍두기를 얹어 먹는 그 맛이 일품인데, 피순대라 불리는 이집의 순대는 내용물의 80% 가량이 선지라 그 색감이 자줏빛이 나는데, 창자 특유의 냄새도 없는 것이 상당히 부드럽고 촉촉해 먹기에도 참 좋다.							
대구 동인동 찜갈비 골목에 위치한 곳으로 대구 특유의 매운맛이 살아있는 '양푼매운갈비'를 맛볼 수 있다. 마늘을 듬뿍 넣은 매운 찜갈비는 한약재를 넣고 찐 갈비를 마늘이 많이 들어간 매운 양념으로 볶아낸다.							
삼천포대교를 지나 창선교를 건너고 왼쪽으로 난 삼동면사무소 골목으로 들어가면 면사무소 바로 앞에서 우리식당을 만날 수 있다. 남해에 있는 식당 가운데 가장 소문난 곳이기도 하다. 원래는 바깥주인이 수타면 기술자로 중국집을 운영했는데 사양산업이라 안주인이 친정어머니의 손맛을 그대로 이어받아 멸치쌈밥을 전문으로 하는 우리식당을 개업해 34년 동안 자리를 지키고 있다.우리식당에서 내놓는 음식의 주재료인 멸치는 죽방렴을 운영하는 지인에게 직접 공급받는데, 갓 잡은 멸치를 다듬어 자신만의 비법으로 직접 개발한 육수에 넣고 손질한 우거지를 더한다. 조미료를 쓰지 않고 천연 양념을 넣어 자박하게 지져내면 멸치쌈밥이 완성된다. 친환경 상추와 보기만 해도 입맛 당기는 마늘장아찌 같은 밑반찬도 함께 나온다.   우리식당의 또 다른 별미는 멸치회다. 내장과 살을 분리한 멸치를 반으로 갈라 각종 채소를 넣고 막걸리를 발효시켜 만든 막걸리식초로 만든 초장에 무쳐 내는데 둘이 먹다 하나가 없어져도 모를 맛이다. 							
마산'을 대표하는 음식 중에 하나가 바로 '아구찜'이다. 마산 오동동에 가면 마산의 명물인 아구거리가 형성되어 있는데, 거리의 음식점 중 한 곳이 이곳이다. 갈분가루를 쓰지 않아 걸죽하지 않다는 이 집만의 양념과 호텔에서의 경력이 밑바탕이 된 철저한 서비스 정신과 친절이 바로 이 곳의 인기비결. 알싸한 양념과 구수한 아구의 고기맛이 제대로 어우러진 마산아구찜의 진수를 맛 볼 수 있는 곳이다. 							
"먹으면 장작을 패고 싶어진다."는 말이 있을 정도로 장어는 스태미나 보양식으로 우리에게 친숙한 음식이다. 그 중에 경남의 사천 장어는 그 육질이 부드럽고 고소하기로 유명한데 남해 바다를 벗 삼아 막걸리 초장에 찍어 먹는 이집의 장어회 맛은 가히 일품이라 손 꼽을 수 있다. 먹기위해 쉬어 간다고 하는 사천에서의 장어 맛. 이곳 '실안장어촌'에서 맛 볼 수 있다.  							
진상은 향토음식 전문점으로 세계음식박람회에서 금상을 수상한 '해초비빔밥'을 맛볼  수 있는 곳이다. 해조류 가루를 빻아 섞어 지어낸 밥에 해조류와 새우, 연어알 등을 넣고 해조류 소스와 함께 비벼 먹는 그 맛이 일품이다. 							
풍천장어'라 부를 때 '풍천'이라는 것은 지역의 지명이 아니라, 조수간만의 차가 큰 서해안이나 남해안과 접해진 강 중 민물과 바닷물이 만나는 지점을 이르는 말이다. 이런곳은 흔히 물결이 회우리치고, 거센 바람이 일어나게 된다 하여 '풍천(風川)이라 부르는데, 고창의 '갯벌풍천장어'는 그러한 풍천 중에 전라도에서 가장 유명한 곳으로 바다와 민물이 만나는 갯벌에서 사료를 주지 않고 기른 장어라 그런지 다른 장어에 비해 유난히 육질이 쫄깃쫄깃한 것이 특징이다. 달콤하고 짭조름한 간장 소스에 찍어 먹는 통통하고 담백한 갯벌풍천장어의 맛. 혀에 착착 감기는 것이 제대로 진맛이라 할 수 있겠다. 							
옥천골한정식은 연탄불에 직접 익힌 돼지불백과 소불고기, 20여 가지가 넘는 반찬들과 된장찌개까지 옛 정취 그대로의 손맛이 살아 있는 곳이다. 음식재료가 되는 채소뿐만이 아니라 상에 오르는 쌀까지 직접 농사지은 것들이다. 							
대부도에서 유일하게 손으로 직접 빚어만든 칼국수를 맛 볼 수 있는 곳이다. 쫄깃쫄깃한 면과 담백하고 영양가 높은 생바지락이 가득 담긴 칼국수 한 그릇에 이집의 별미인 해물파전 한 접시 먹으면 단박에 배가 불러온다. 넉넉한 인심 덕분에 워낙에 푸짐한 양 때문인지 입소문을 타고 유명해진 요즘은 주말에 줄을 서서 기다릴만큼 문전성시를 이루는 곳이다.							
평택에 부임한 기관장이라면 누구나 한 번쯤 들렀다가 꼭 단골이 되어 돌아간다고 하는 평택항 입구의 유명한 꽃게 전문점이다. 꽃게탕은 시원한 국물맛 탓에 유명하고, 간장게장은 비릿하지 않고 짠내가 없어 유명하다는데 그 인기의 비결은 결국 재료의 싱싱함에 있다고 주인은 말한다. 그렇다. 맛을 내는 특별한 비법도 중요하겠지만 뭐니 뭐니 해도 그 음식의 재료가 가장 중요하다 라는 말. 꽃게의 싱싱함을 잘 살려 냈기에 꽃게의 진맛을 맛 볼 수 있는 그런 곳이 바로 이곳이다. 							
흔히 게장을 배달해 보면 예상과 달리 그 속이 허해 실망하기 일쑤인데, 이집의 게장은 알이 꽉 차 그 속이 실 하기로 유명한 집이다. 그러다 보니, 게장 배송해 주는 집으로도 입소문이 자자한 곳이 바로 이곳인데 직접 찾아가 그 맛을 보니 너무 짜지도 않고 너무 달지도 않은 것이 어쩜 이렇게 간을 딱 맞췄을까 싶을 정도로 입에 착착 감기는 것이 역시 밥도둑 맞구나 하는 생각이 든다. 							
대전, 충청권에서 돼지갈비로 가장 유명한 곳이 바로 이집이다. 여기는 일단, 갈비가 숯불에 이미 구워져 나오는 것이 특징이다. 그러다보니 옷에 고기냄새가 베지 않아 좋고 고기 굽느라 부산스러울 필요 없어 좋다. 맛은 다른집에 비해 그리 달지 않고 참으로 육질이 부드러운 것이 은은향 숯향과 함께 좋은 고기의 맛이 그대로 느껴진다. 특히, 이집의 동치미 국수와 함께 먹는 그 맛 또한 별미 중에 별미라 할 수 있겠다.							
제주 중문관광단지 입구에 위치한 흑돼지구이 전문점 하영은 깔끔한 인테리어와 여유있는 공간에서 최상급의 흑돼지 요리를 맛볼 수 있는 곳이다. 넓은 실내공간으로 인해 단체나 가족 모임, 일반 여행객 등 누구나 부담없이 편하게 식사를 즐길 수 있으며, 더욱이 도로보다 약간 높은 지대의 언덕에 위치하고 있어 중문 앞바다와 관광단지 일대 등 제주의 아름다운 전망을 감상하며, 식사를 즐길 수 있는 또다른 매력이 있다. 							
밀양 3대 국밥집 중에 하나인 이곳은 밀양돼지국밥의 원조집이라 불리우는 곳으로 맑고 깨끗한 국물에 잡내없이 담백한 그 맛이 참으로 시원하다. 거기다 푸짐하게 담긴 쫄깃쫄깃한 고기의 육질 또한 이집의 자랑이라 할 수 있는데, 특별한 기교 없이 새우젓 하나로 간을 맞춰 먹는 이곳의 국밥. 은근히 입맛을 당기게 하는 묘한 매력이 있다.  							
카페에 들어서자 마자 왼쪽 벽면에 진짜 달이 떠있는 것처럼 조명 처리가 되어 있다. 카페 외부 뿐만아니라 내부도 한옥으로 인테리어가 되어있고, 안마당은 야외파티나 연주회 등에 다용도로 쓰인다. 늦봄부터 가을까지 카페 안마당에 펼쳐지는 세계의 전통악기 연주회가 이곳에 독특한 색깔을 더하며, 창문만 열면 안마당에서 펼쳐지는 공연을 감상할 수 있다.							
경북 팔공산 주변 음식점 중 15년 넘는 전통의 오리요리전문점이다. 물 좋고 공기 좋고 경관 좋은 팔공산 한티재 너머에 자리 잡은 이곳은 일단 도착하면 물레방아와 통나무 방갈로가 눈에 띈다. 예쁜 조경들 사이 사이의 방갈로에서 오리고기를 맛볼 수 있다.							
국내에서 전복 양식장을 직접 운영하는 몇 안되는 전복요리전문점들 중에 유일하게 전복과 갈치를 이용해 찜 요리를 하는 곳이 바로 이집이다. 이집의 '전복갈치찜'은 약간 센 듯한 남도 특유의 매콤한 맛이 잘 베어있어 목포를 찾는 이들에겐 제대로 별미 중에 별미다. 특히, 양념과 함께 익혀진 우거지의 맛 또한 일품이다. 그리고 깔끔하고 개운한 이집의 우럭지리도 꼭 한 번 맛 볼만 하다.							
벌교읍의 많은 꼬막음식점 가운데 1박2일 프로그램을 촬영한 집으로 전국적으로 유명해진 ‘외서댁꼬막나라’. 이전에도 ‘6시 내고향’ 등 여러 매체를 통해 소개된 곳이다.즐비한 꼬막음식점 모두가 원조라는데 과연 어디가 원조인지는 알 수 없는 노릇이다. 일단 외서댁꼬막나라가 이 자리에서 장사한 지 10년이 됐다고 하니 영업 횟수만으로는 분명히 전통이 있음을 인정해야 할 듯하다.눈에 띄는 것은 벽면에 내걸린 유명 인사들의 친필 사인(서명)이다. 전국의 이름난 맛 집들이 으레 그렇듯 이곳에도 유명 인사들이 많이 다녀갔다. 이 집을 찾는 손님이라면 유명 인사들의 친필 사인을 구경하는 재미도 쏠쏠할 듯.음식을 준비하던 김혜경 사장의 말을 빌리면 즐비한 꼬막음식점 가운데 1년 내내 꼬막만으로 승부를 내는 식당은 외서댁꼬막나라 외엔 거의 없을 거란다. 그만큼 자부심이 강하다는 것인데 그럼 꼬막 산란기인 6~8월엔 어떻게 할까?‘산란기라고 꼬막을 못 먹는 것은 아니다. 다만 미끈거려 식감이 조금 좋지 않을 뿐인데 이마저도 통꼬막을 제외하면 다른 요리는 별다른 문제가 없다’는 게 김 사장의 설명이다.							
영광군 법성면에 위치한 명가어찬은 법성포의 명물 굴비로 한상가득 차려내는 굴비 한정식 전문점이다.							
무등산을 찾는 사람이라면 꼭 한 번 들러 맛 보라 하는 보리밥 집이 있는데, 이곳이 바로 그집이다. 탱글탱글 구수한 보리밥과 달달한 배추. 거기다 매운맛 좋은 고추에 주인이 직접 시골에서 가져 왔다는 갖가지 반찬들과 된장. 그리고, 신선한 도토리묵에 동동주까지. 이집의 보리밥 정식 1인분은 그야말로 한 상 제대로 푸짐하다. 산행을 마치고 허기를 달래기에 좋은 집이다.							
이집은 1945년에 개업해 3대째 고래고기요리만을 전수해 가업으로 이어가고 있는 고래고기전문점으로 밍크고래를 각 부위별로 맛 볼 수 있는 곳으로 2002년 월드컵 당시 울산광역시 대표 음식점으로 지정되어 외국인들에게도 널리 알려진 바 있다. 고래고기를 좋아하는 일본인들도 일부러 찾아와 즐겨먹는 다 할 정도니 대한민국 식도락이라면 한 번 쯤은 꼭 들러 맛 봐야 할 곳이다.							
언양에는 소문난 불고기 집성촌이 있는데, 그곳이 바로 국내최초 불고기특구단지다. 언양불고기는 떡갈비 형태로 숯불 향에 그을려 먹기에도 좋고 맛도 좋기로 워낙에 유명한데 그 중에 바로 이곳 '언양전통불고기'. 이집이 가장 입소문 좋은 곳이다. 냉동하지 않은 생고기로 그날 그날 도축장에서 들여오니 당연히 신선도가 좋고 그 때문에 상마다 육회와 간천엽이 서비스로 나간다고 한다. 역시 고기맛의 첫번째는 그 신선도에 달려있음을 몸소 실천하는 맛집 중에 맛집이라 할 수 있겠다. 							
강화도에 망향돈대나 삼별초항몽유허비를 찾는 사람들이 꼭 한 번씩은 들러 본다는 횟집으로 식당에서 바라보는 바다 전망 또한 아름다워 소문이 난 곳이 바로 이집이다. 특히, 밴댕이회와 꽃게탕,찜 맛이 좋다하여 전국의 식도락들이 찾아온다고 하는데 싱싱한 해산물이 가득한 꽃게탕은 단호박이 들어가 국물 맛이 짜거나 자극적이지 않아 그 기억이 오래 남는다. 							
KBS 고향이 보인다, SBS 맛대맛, 일본 남해방송 등 국내외 TV 프로그램에서 여러차례 소개된 제주도의 소문난 맛집인 제주 흑돈가는 제주 청정 흑돼지 전문점으로 참숯을 사용한 직화구이로 흑돼지의 담백하고 고소한 맛을 살려준다. 흑돈가에서는 최고 품질의 제주 청정 흑돼지만을 사용하며,깔끔하고 세련된 실내공간은 그 맛을 더욱 돋보이게 한다.							
제주도의 별미로는 오분자기 뚝배기, 옥돔구이가 유명한데, 제주도 서귀포시에서 오분자기 뚝배기, 옥돔구이 등 제주 토속음식으로 가장 유명한 식당이 진주식당이다. 또한 진주식당에서는 오분작젓, 전복젓, 갈치젓, 조기젓 등 젓갈류도 포장 판매해 제주청정해역의 맛깔난 해산물의 풍미를 여행에서 돌아와서도 즐길 수 있게 한다. 근처에 천지연폭포가 위치하고 있어 관광과 더불어 식도락을 즐기기에는 제격인 곳이다.							
경남 산청은 '한방약초축제'가 열릴 만큼 약초로 유명한 곳이다. 그러니, 당연히 한방오리나 한방백숙 또한 그 맛이 남다를 텐데, 역시나 그렇다. 이름부터가 다르다. 요리명 앞에 벌써 '십전대보'라는 말이 붙는다. 산청의 26가지 대표 청정 약재들과 함께 궁합을 맞춘 오리와 닭 요리는 제목 그대로 보약이라 할 수 있겠다. 거기다 약초 장아찌반찬들과 후식으로 나오는 약초차와 한방차. 그리고, 8년산 대통주(옛날똥술)까지. 원기 보충을 위한 보양식을 찾는 사람이라면 무조건 들러봐야 할 곳이다. 							
경남의 화왕산은 몸에 좋은 송이버섯이 좋기로 상당히 유명한 곳이다. 그래서, 그 입구엘 가보면 송이버섯을 주재료로 하는 식당들이 꽤 많은데 그중에 닭국으로 유명한 곳이 바로 이집이다. 결대로 찢어 놓은 담백한 닭고기와 향긋한 자연산 송이버섯에 속시원하게 풀어주는 국물맛까지. 화왕산을 찾은 등산객에게 이만한 선물이 또 어디 있을까 싶다. 산을 벗 삼아 자연을 맛 보는 특별한 방법 중에 하나일 것이다. 							
옛 함안장터에 가면 경상도식 소고기국밥을 전문으로 하는 국촌마을이 있다. 그 중에 40년 넘게 2대에 걸쳐 운영하고 있는 곳이 바로 이집이다. 다른 집에 비해 선지가 조금 들어가는 것이 특징인데, 사골, 양지, 사태, 내장, 홍두깨살로 우려낸 국물에 무, 콩나물, 파가 함께 어우러져 입안에서 만들어지 감칠 맛은 역시 경상도식 소고기국밥집의 원조 답다. 초간장에 살짝 찍어 먹는 수육의 부드러움 또한 이집의 별미다. 							
무공해식품인 연잎을 이용해 만든 밥. 연잎밥이 이집의 메인이다. 연잎밥은 남녀노소가 즐길 수 있는 영양식으로 남성의 스태미너 뿐만 아니라 어린이나 수험생들의 피로회복 및 정신안정, 여성의 피부미용, 노화 예방 등에 좋은 음식이다. 이집에선 찹쌀, 흑미, 조, 수수, 율무, 잣, 대추, 검정콩, 팥, 호두, 해바라기씨 등 11가지의 잡곡을 더 넣어 그 영양이 한 층 더 업그레이드 되었다.  							
이곳은 합천축협에서 직접 운영하는 매장으로 믿고 먹을 수 있다. 또한 합천의 한우브랜드인 황토한우 1+등급을 저렴한 가격에 맛 볼 수 있다. 이 두 가지 특징이 입소문을 타기 시작해 유명해진 집이다. 합천황토한우는 2006년 부터 2010년 현재 까지 5년 연속 '소비자시민연대모임'으로 부터 우수축산물인증을 받고 있는 합천의 대표 자랑거리다.							
봉화군은 약초 재배 면적이 475ha에 이르는 우리나라를 대표하는 약초 주산지다. 이런 곳에서 길러낸 우리 한우의 맛은 어떨까? 바로 이곳 '축협한약우프라자'에 가면 그 맛을 볼 수 있다. 봉화를 대표하는 우수 한약재들를 첨가한 사료만을 먹인 봉화 한약우. 거세우에 비해 구수한 맛이 더 좋아 그 인기가 높은데, 동맥경화 예방에 필요한 불포화 지방산이 일반한우에 비해 25%나 높아 성인병 예방에도 탁월한 효과가 있다.							
울릉도하면 생각나는 몇 가지들 중에 '홍합밥'이 있다. 그래서, 울릉도엔 '홍합밥' 하는 곳이 꽤 여럿 있는데 그 중에 원조집이 바로 이집이다. 쌀에다 자연산 홍합을 썰어 넣어 지어낸 따끈한 홍합밥에 잘게 자른 김과 양념장을 넣어 비벼 먹는 그 맛은 참으로 고소하고 담백하다. 밑반찬으로 나오는 더덕과 산나물 역시도 그 맛이 참 좋다.							
영덕'하면 대게가 유명한 곳으로 알려져 있는데, 이는 예부터 그 주변에서 영덕이 가장 교통수단이 좋았기 때문이다. 그러다보니 상대적으로 '울진대게'는 영덕대게에 비해 가격이 저렴한 편이다. 요즘에 와서는 대게 매니아들 사이에서 그 맛과 가격이 입소문을 타기 시작해 바로 이곳 '울진유일대게' 식당을 찾는 사람들이 나날이 늘어나고 있다. 전국 어디라도 택배 서비스가 가능하다. 집에서 울진대게를 맛 보는 것도 권할만 하다.							
전라도 고흥엔 다도해를 비롯해 볼거리도 많지만, '고흥 9미(味)'라 해서 먹을 거리도 참 많다. 참장어와 낙지, 삼치, 전어, 서대, 굴, 매생이, 유자향주, 붕장어가 그 9미(味)의 주인공들인데, 그 중에 '붕장어구이'와 '참장어샤브샤브'를 맛 볼수 있는 곳이 바로 이집이다. 스테미너를 챙기는 식도락이라면 한 번 쯤은 꼭 챙겨 먹어 봤을 고흥산 장어는 참장어, 붕장어 모두 콜레스테롤이 적으면서도 고소하고 담백한 맛이 일품이라 전국적으로 인기가 높다. 							
CGV ‘씨네 드 쉐프(Cine de Chef)’는 프랑스어로 ‘요리사가 있는 영화관’이라는 의미처럼 영화관과 레스토랑이 결합된 신개념 레스토랑이다. 고급스러우면서도 편안한 카페 분위기의 ‘씨네 드 쉐프’ 레스토랑에서는 최고의 요리사 7명이 정성스럽게 준비한 프렌치(Frenchy)와 이탈리안(Italian) 스타일의 음식을 선보인다.							
섬진강은 산과 강이 잘 어우러진 탓에 예부터 각종 어패류가 많기로 소문난 곳이다. 특히, 상류엔 다슬기, 하류엔 재첩이 유명한데 이집은 바로 상류의 '다슬기탕'으로 입소문이 난 곳이다. 쌉싸름 하면서도 동시에 구수한 맛이 일품인 다슬기탕은 그 담백한 맛 말고도 숙취해소, 황달, 부종 때문에 많이들 찾는 음식인데 특히 본초강목과 동의보감에서 눈을 밝게 해준다 하여 그 인기가 높다. 이집은 20년 넘게 다슬기만을 주메뉴로 해온 원조다슬기탕집이다.  							
내장산 들어가는 길목에는 복잡할 정도로 음식점들이 참 많다. 하지만, 이곳 '한일관'은 위치부터가 복잡한 길에서 조금 떨어진 곳에 있어 마음부터가 여유로와 제대로 산중 식사를 즐길 수 있는 곳이다. 더군다나 명인으로 추대 받은 주인장의 내장산 기운 가득 담긴 산채정식은 가히 전국적인 유명세의 값을 할 만 하다 할 수 있다. 5가지 메인 요리에 28가지 반찬으로 차려진 명인의 한상차림은 마치 내장산을 상에 올린 듯 철마다 아름다움이다.  							
홍어하면 흑산도가 떠 오른다. 흑산도에는 여러 유명 홍어집들이 있지만 그 중에서도 우리음식점(할머니집)은 널리 알려져 있다. 손금순 할머니가 40년 넘게 운영해 온 이 홍어집은 10평내외의 작은 식당으로 허름해 보이지만 그 오랜 세월의 내공이 듬뿍 느껴진다. 그 세월과 함께 해 온 홍어의 삭힌 맛은 할머니가 직접 담근 탁주와 어우러지면서 오묘한 별미의 세계로 점점 빠져든다.							
두메칼국수는 토속음식점 지정업소로 우리나라 최북단 섬인 백령도에 위치해 있다. 백령도는 북한의 육지와 약 10킬로미터밖에 떨어져 있지 않지만 남과 북이 갈라진 후 인천에서 배를 타고 4시간 30분 이상 가야 할 정도로 낙도가 되었다. 이러한 지리적 여건으로 탄생한 음식이 짠지떡이다. 메밀가루로 피를 만들고 여기에 묵은 김치와 백령도 굴이나 홍합을 섞어 만든 소를 넣어 만든 짠지떡에는 홀로 떨어진 외톨이 백령도의 애환이 담겨 있다.							
2007년 오픈한 <써니네 애견카페>는 애견미용, 애견호텔, 애견교육, 애견용품 등 애견에 관한 토탈서비스를 제공하는 애견을 위한 카페이다.카페에 들어서면, 애견이 마음껏 뛰어놀 수 있는 넓은 공간이 마련되어 있으며 한쪽에는 애견 주인들이 맛있는 커피와 음료, 식사를 즐길 수 있도록 안락한 쇼파와 테이블이 놓여있다.써니네 애견카페에서는 10년 이상의 경력을 자랑하는 애견미용사가 다양하고 깔끔한 스타일을 연출해 줄 뿐만 아니라, 애견목욕과 애견호텔 서비스, 애견용품 및 분양이 가능하며 애견유치원도 운영하고 있다.특히, 써니네의 자랑거리는 3층짜리 규모의 애견호텔이다. 1층은 대형견 호텔, 2층과 3층은 소형ㆍ중형견 호텔로 애견들을 위한 깨끗한 편의시설을 제공한다.일반 커피숍과는 달리 예쁜 강아지들과 함께 사진도 찍고, 소중한 사람들과 대화도 나누며 휴식을 취하며 색다른 추억을 만들 수 있다. 이 밖에도 써니네 애견카페에서는 다양한 기념행사와 이벤트를 준비하여 방문한 손님과 애견들에게 또다른 즐거움을 준다. 							
강원도 춘천시 강촌역 주변에 위치한 유서깊은 관광지에 위치해 있다.최신 시설의 식당과 널찍한 주차장, 그리고 주변의 경치를 마음껏 즐길 수 있는 위치에 전통적인 춘천 닭갈비의 맛을 자랑하는 곳이다.							
한상근 대통밥집은 대통밥을 처음 개발한 한상근 씨가 운영하는 집이다. 개발자가 운영하는 집이니 그야말로 원조 중의 원조라 할 수 있다.그 때문인지 한상근 대통밥집은 건물 인테리어부터 남다르다. 천장부터 벽, 마루는 물론 칸막이와 갓등에 이르기까지 온통 대나무로 이루어진 것. 모두 한 씨가 손수 만든 작품이다. 과연 원조 대통밥집다운 모습이다.대통밥은 대나무 통에 쌀, 흑미, 은행, 잣, 대추, 밤 등을 넣고 한지로 덮어 솥에 쪄낸다. 열을 가하면 대통 안의 얇은 막(죽여)과 대나무 진액(죽력)이 빠져나와 밥에 배어드는데, 죽여와 죽력은 사람의 몸을 이롭게 한다고 동의보감에도 기록되어 있을 정도로 우리 몸에 좋다. 하지만 한번 사용한 대통에선 죽여와 죽력이 나오지 않기 때문에 한상근 대통밥집에선 매번 새 맹종죽에 밥을 짓는다. 6만㎡ 규모의 대밭에서 직접 대나무를 길러 채취하기에 가능한 일이다.이 집에서 가장 유명한 것은 대통밥이지만, 대통밥뿐 아니라 대나무로 만든 요리 모두가 특별한 맛을 자랑한다. 요리에 가장 많이 쓰이는 것은 단연 죽순. 조직이 치밀해 씹는 맛과 감칠맛이 뛰어나다는 담양 죽순 중에서도 연한 윗부분만 골라 오이, 미나리, 풋고추 등 갖은 채소와 우렁이를 새콤한 초고추장에 버무리는 우렁죽순회는 이곳의 인기 메뉴. 고추, 양파, 상추 등의 채소를 직접 길러내는 덕에 죽순뿐 아니라 채소도 싱싱하다. 이 밖에 토종닭을 대나무 수액과 함께 쪄낸 죽계찜도 별미다. 은은한 대나무 향 덕에 닭 누린내가 전혀 나지 않는다. 최소 40분 전에는 예약을 해야 맛볼 수 있다.							
강릉시 주문진항 수협 맞은편에 위치하고 있으며, 신선한 대게 및 킹크랩을 쾌적한 시설안에서 즐길 수 있다. 국산 및 수입모든 대게를 취급하며, 살아있는 대게를 즉석에서 맛볼 수 있다.  							
미국식, 멕시칸, 이탈리안 요리와 한국화한 퓨전요리에 다양한 음료와 칵테일을 준비하고 있다. T.G.I.FRIDAY'S에서는 세계 어디서나 동일한 맛의 음식을 즐길 수 있다.서면점은 백화점 내에 위치하고 있어 출입구나 엘리베이터, 장애인용화장실등을 이용해 편리하게 식사를 즐길 수 있다. 장애인전용주차구역이 있는 주차장에서 엘리베이터로의 접근로는 경사져 있다.							
남해군에서도 끝자락 미조리에 위치한 미조식당은 항구 바로 앞에 있어, 멸치잡이 갈치잡이 배들의 경매하는 광경을 직접 볼 수 있다. 청정남해 바다에서 금방 잡아올린 신선한 멸치와 갈치를 갖가지 재료들, 미조식당에서 직접 제조한 초장으로 버무린 멸치회와 갈치회는 단연 으뜸이다.청정 남해에 오시면 남해 한려수도를 한눈에 볼 수 있는 금산보리암, '환상의 커플' 촬영지 독일마을과 남해힐튼리조트, 맨발의 기봉이가 살았던 다랭이 마을 등 곳곳에 관광할 곳이 많은 곳이다. 							
 오션뷰호텔내에 위치한 레스토랑으로 조식뷔페, 점심식사, 저녁식사까지 간단한 주류까지 곁들일 수 있는 곳이다. 멕시코요리에서 피자, 파스타, 각종 스테이크 미치 랍스터까지 양식에서 중식등 다양한 요리를 즐길 수 있다. 특히 인도 현지 주방장이 자신있게 선보이는 매주 금요일 인도 뷔페는 많은 국내외 고객들로부터 사랑을 받고 있다.호텔 뒤 주차장에서 건물로 턱 없이 들어갈 수 있으며 엘리베이트로 이동 가능하다. 							
신불산 온천단지 내에 위치하고 있으며 곰탕전문점으로 곰탕외에도 김치찌개, 비빔밥 등 메뉴가 있다.							
강원도 속초시 노학동에 위치한 두부전문 음식점으로, 대표메뉴는 순두부정식과 두부전골이다. 이외에도 메밀전, 감자전, 도토리묵 등 다양한 메뉴를 즐길 수 있다. 음식점 주출입구에 높이차이가 없고 업소앞에 주차가 가능하다. 							
수유중앙시장 부근의 중국음식점이다. 주출입구에 약 3cm 정도의 높이 차이가 있고 좌석이 의자와 테이블로 되어 있다.							
명동찌개마을은 아차산역 부근의 찌개요리 음식점이다. 명동찌개마을은 양푼에 찌개를 끓이는 것이 특징이며, 양푼돼지고기김치찌개, 명태내장탕 등 다양한 메뉴를 제공한다							
신촌에서 삼계탕으로 유명한 삼원은 특이한 이력를 가지고 있다.1986년 일식집으로 개업을 했을때만해도 삼계탕이 메인 메뉴는 아니었다.하지만 여름메뉴로 내어놓은 삼계탕이 인기를 끌면서 메인메뉴가 되어 일식집이 4계절 삼계탕을 내놓는 삼계탕집이 되어 버린 것이다.삼원 삼계탕은 하림에서 공급된 신선한 국내산 생닭을 거대한 가마에 100마리 이상 한꺼번에 끓는 물에 1시간 30분을 끓여, 국산 찹살, 대추, 밤, 인삼 등을 넣어서 깊은 맛을 우려낸다. 특선 메뉴로는 완도산 전복을 넣은 전복삼계탕이 있다. 처음에 일식집으로 만들어진 구조로 입구에 위치한 홀외에도 안쪽으로 가면 4인용 개인룸과 단체회식에 알맞은 일식 다다미룸이 준비되어 있다.							
청정관광지역 문경시에서는 지역의 명품<문경약돌한우>의 우수성을 전국에 알리고저, 문경읍 진안리 (도자기 박물관 옆) 문경새재 입구에 건평 1224㎡ 지하 1층, 지상2층의 육류가공시설을 갖춘 <문경약돌한우타운>을 건축하였다.  이에 문경축산업협동조합과 50년 역사의 편대장 영화식당이 공동위탁 운영자로 선정되어 문경약돌한우 전문식당을 2010년 3월 27일 개점하게 되었다.  돌도 약이 된다는 천혜(天惠)의 땅 문경을 찾는 관광객분들은 약돌의 특별한 성분을 고스란히 담고 있는 약돌한우의 건강함과 대를 이어 전해져 온 깊은 손맛을 넉넉히 즐길 수 있으며, 문경의 약돌을 먹여 키운 한우는 기름기가 적어 담백한 맛이 탁월하며 필수 아미노산 등이 월등하게 함유되어 건강에도 도움을 준다.  시중의 절반가격으로 판매되는 <문경약돌한우>정육점도 이용 하실 수 있다. 또한, 50년 전통의 편대장 영화식당의 기술과 엄선된 재료로 만들어지는 달보레한 한우육회의 참맛도 느끼실 수가 있다.* 문경약돌한우타운은 친환경 장려금 제도를 운영하고 있다. 1. 문경약돌한우타운에 공급되는 한우는 목장에서부터 소비자의 식탁에 오르기 까지 전 과정에서 철저한 위생관리와 개체관리를 실시하고 있다. 2. 문경약돌한우타운에 공급되는 모든 한우는 보건환경연구원의 유전자 감별시스템을 통해 안전하고 믿을 수 있는 한우만을 사용한다. 3. 한우가 사육되는 농가의 환경이 위생적이고 청결하도록 문경약돌한우타운에서는 친환경 장려금을 지원하여 관리하고 있다.※ 친환경장려금 : 문경약돌한우타운 자체 인센티브 제도로 항생제 사용유무, 축사 청결상태 등 사육 환경에 대해 평가하며 우수한 상태를 유지할 수 있도록 격려하고 관리하는 제도이다.							
1박2일 등 언론에 소개된 예천군 용궁의 회룡포, 삼강주막 인근에 자리잡은 "오부자네 왕순대"이다. 집에서 손으로 직접 만드는 수제 왕순대의 맛이 일품이고, 순대전골이 주인장의 추천메뉴이다. 연탄석쇠구이는 닭발구이, 닭불고기구이, 돼지불고기구이, 오징어구이가 있으며 손님들에게 인기만점 메뉴이다. 							
 롯데월드 쇼핑몰 3층 민속박물관의 조선시대 장터 풍경을 그대로 재현한 저자거리에 위치하고 있는 석촌은 한정식과 돌솥비빔밥, 민속주 등을 주메뉴로 한다. 							
 혜화역 인근에 위치한 한우 숯불구이, 한식메뉴 전문점이다.							
연못속에 피어나는 고고한 연꽃처럼 자연과 건강이 담겨 있는 고풍스런 음식과 유명 도예가들이 빚은 아름다운 작품의 만남! 직접 재배한 식용꽃과 허브를 사용하고 있다.							
구이전문점 우소보소는 현대적인 맛과 감각으로 고객분들의 많은 사랑을 받아온 신선설농탕으로 더 유명한 외식 전문기업 (주)쿠드의 두번째 브랜드이다.							
서울에서 갖는 일본의 저녁' 이라는 모토로 시작한 하나유키는 일본의 '에도시대'를 배경으로 한 건축물을 실내에 재현한 코스요리 일식 전문 음식점이다. 하나유키에서는 신선하고 안전한 재료를 사용하여 음식을 제공한다.							
화로연각은 화로구이를 통해 인연을 맺는 집이라는 뜻이 담겨 있다. 옛날 고향 한옥의 화롯가는 정을 나누는 공간이었다. 바쁘게 움직이는 빡빡한 도시의 삶 속에서 푸근한 한옥의 여유가 그리울 때, 좋은 사람과의 소중한 인연을 기억하고 싶을 때, 화로연각이 당신의 고향집이 되어드리겠다.							
한국의 대표적인 문화명소인 인사동에 위치한 인사동 그집 은 고전적이고 한국적인 인테리어를 선보이는 퓨전한식 전문점이다. 이 음식점만의 특별한 메뉴인 '인사동해물밥', '인사동그집온밥'을 필두로 한방보쌈, 해물파전, 김치파래전 등 다양한 메뉴들과 깔끔하고 정갈한 밑반찬으로 고객들의 마음을 사로잡고 있다.대표메뉴라 할수 있는 그집온밥은 여러가지 해물과 야채, 식용꽃까지 곁들여, 철판에 고추장을 둘러 비벼먹는 특색있는 음식으로 기본이 2인기준에 양도 푸짐하다.옛 한옥집을 보강하여 한국적인 느낌을 살린 인테리어와, 한지로 씌워진 실내조명이 고풍스러운 분위기를 자아낸다. 							
인사동에 있는 한옥 찻집으로 모든 전통차는 직접 끓여 만들고 있다. 여름메뉴인 빙수의 팥역시 직접 끓여서 빙수를 만들어 낸다.							
인사동에 위치한 옛찻집은 영화 촬영 장소로 이용될 만큼 유명한 전통 찻집으로, 한국의 전통 고유민속차들과 전통적인 간식들을 판매한다. 온돌바닥이 있는 찻집으로, 인사동과 한국 특유의 분위기를 느낄 수 있는 곳이다. 여름메뉴인 빙수의 팥역시 직접 끓여서 빙수를 만들어 낸다.							
 러빙헛 인터네셔널 레스토랑은 고기, 달걀, 우유, GMO 원재료, MSG를 사용하지 않은 비건채식 푸드카페이다. 유기농 쌀과 친환경 농산물로 요리하며, 화학 조미료를 전혀 사용하지 않고 천연 식재료를 이용한다. 이 곳에서 즐길 수 있는 커피 역시 유기농 공정무역 커피이다.							
"샤오훼이양"은 중국요식업계 2위로 중국, 미국, 일본 등 전세계 700여 개 분점을 보유하고 있다. "샤오훼이양" 샤브샤브는 2001년도에 내몽고에서 시작되어 중국으로 오직 전골냄비와 고기에만 의존해 7년 만에 중국 전역을 장악했으며, 해외에도 진출하여 연 수입 50여 억 위안(한국 돈으로 1조원)에 달하는 비약적인 발전을 이룩하였고 중국 요식업의 징크스인 "큰 규모가 될 수 없고, 크게 성공할 수 없으며, 체인화가 어렵다" 를 깨뜨리고, KFC, 피자헛을 소유하고 있는 바이셩(百?)그룹에 이어 중국요식업 100대 기업 2위에 등극했다. 탕에는 대추, 인삼, 초과, 구기자, 용안, 백육두구 등의 몸에 좋은 최고급 약재가 사용된다. 개인화로에 개인냄비를 사용하는 것이 특징이다.							
경남 통영에서 직송되는 신선한 활어회를 맛볼 수 있는 곳이다. 단체 150명 두 팀을 한번에 수용 가능한 넓은 매장으로 총 300석 완비하고 있다. 가산디지털단지역(1호선,7호선)이 매장건물 내부로 직접 연결되어 이용이 편리하다.							
50년 역사와 전통을 자랑하는  편대장 영화식당으로 1962년 육회전문점으로 변모한 이래, 맛으로 입소문을 타 단골이 늘고 전국 각지에서 찾아오는 사람들이 생겨나면서 식도락가들의 명소가 되었다. 좋은 육질의 한우만 골라내어 손수 손질하여 내는 음식점이다. 							
50년 역사와 전통을 자랑하는 진미일가(眞美一家) 편대장영화식당으로 1962년 육회전문점으로 변모한 이래, 그 비범한 맛으로 입소문을 타 단골이 늘고 전국각지에서 찾아오는 사람들이 생겨나면서 식도락가들의 명소가 되었다. 좋은 육질만 골라내는 깐깐한 손질하는 정성, 오랜 전통, 변함없는 고집으로 우리 소의 깊은 참맛을 여러분께 전한다. 							
샤브샤브와 뷔페가 결합된 형태의 패밀리레스토랑으로서, 1인별로 세팅되는 샤브샤브는 다양한 특수야채들과 쇠고기등심, 어묵, 칼국수 등의 재료로 각자의 취향대로 즐길 수 있다.  한식, 일식, 중식 등의 다양한 뷔페음식은 식도락의 즐거움을 맛볼 수 있다.							
아하바-브라카는 식음료를 판매하는 카페&레스토랑에 가구, 소품 갤러리 기능을 접목한 신개념 업장이다. 통소나무 원목가구와 다양한 소품으로 세팅된 1층은 아하바(ahaabah), 지하1층은 브라카(braka)로 공간이 구분되며, 모든 원목 식탁과 의자 등 인테리어와 세팅 자체가 그대로 판매목적으로 전시된 견본품이기도 하다.							
길들여지기는 자연친화적인 분위기에서 쾌적하고 편안하게 식사와 음료를 즐길 수 있도록 디자인 되어있으며, 주방을 오픈 하여 조리사들이 요리를 만드는 모습을 직접 볼 수 있도록 하고 있다.							
특허받은 회전식 꼬치로 구워먹는 담백한 오리요리 전문점이다.   깔끔한 인테리어와 맛깔난 음식으로 가족들의 외식, 직장인들의 회식, 연인들의 데이트 장소로 많이 이용되고 있다.							
특허받은 회전식 꼬치로 구워먹는 담백한 오리요리 전문점이다.  깔끔한 인테리어와 맛깔난 음식으로 가족들의 외식, 직장인들의 회식, 연인들의 데이트 장소로 많이 이용되고 있다.							
보쌈 전문점이다. 맛깔스러운 보쌈김치와 기름기 쪽 빠진 담백한 수육이 일품이다. 보쌈뿐만 아니라, 족발과 족쌈, 새싹쟁반무침면 등 다양한 메뉴가 있다.							
순 국내산 돼지의 갈비부위를 사용하며, 100% 미송장작으로 구운 6개월 미만의 암돼지구이 전문점이다. 겨울을 제외한 계절에 무공해농법으로 직접 야채를 재배하여 제공하고 있다.							
낙동강변 재첩요리 먹거리 타운의 28년 손맛. 28년전부터 그맛 그대로 명성만큼 입소문이 자자한 할매재첩국집이다. 재첩은 그 옛날부터 숙취 효과가 특별하여 지금도 많이 애용되고 있는 식품이다. 장작불로 삶는 재첩국의 맛이 일품이다.							
미꾸라지, 들깨, 된장, 무청 우거지 등을 넣어 만든 진국 추어탕을 맛볼 수 있다.							
한우 직판매장으로 1층에서 직접 고기를 주문하여 2층 식당에서 기본 상차림비를 지불한 뒤 한우를 맛볼 수 있는 곳이다. 이로운한우는 경북 군위에 위치하고 팔공산 경계를 접하여 물좋고 공기좋은 청정지역에서 한우를 직접 키우는 농가들이 영농조합법인을 설립하여 암소와 거세우를 어린 송아지부터 키웠으며 한우를 직접 선별한 100% 1등급 한우이다.							
기러기 청둥오리 농장가든에서는 농림부에서 지정한 위해 요소 중점관리(HACCP)인증 사료만으로 사육하고 있다.							
다정옥 (구,옛날진지상) 은 천연식재료만을 사용하여 음식맛을 살려 담백하게 조리하고 있다. 							
 영주시 부석면에 위치한 업소로 부석사와 선비촌이 주변에 위치해 있다. 특히 현지식 청국장과 송이찌개, 염소전골이 유명하다. 대궐민박을 이용하는 손님에게는 대궐식당의 메뉴가 배달되어 민박에서도 식사가 가능하다. 							
제일소바는 경상남도 의령군 의령읍에 있는 40년 넘는 전통의 소바 전문점이다.							
재건식육식당은 돼지고기에 숯의 향이 배어 맛깔스러운 양념의 돼지석쇠불고기 전문점이다. 단일메뉴이다.							
산청군지정 한방약초토종음식점으로 고동(다슬기) 전문점이다.							
남선옥 식육식당은 국내산 순수한우만을 취급하는 50년 넘는 전통의 한우 숯불구이 전문점이다.							
국내산 한우소고기를 판매하는 식육식당이다. 한우를 부위별 모양 그대로 제공하므로, 지방조직과 근막이 일부 섞여 있을 수 있다.잘게 잘라서 싼 부위와 정육을 섞어 판매하는 타 업소와는 다른 정직한 방법으로 운영하고 있는 곳이다. 							
삼신봉'은 수려한 산세와 천혜의 아름다운 풍광을 자랑하는 국립공원 제1호인 지리산에 위치하고 있다. 거대한 암괴로 이루어져 있고, 항상 구름에 싸여 있어 예로부터 3대에 걸쳐 선행을 쌓아야 이 곳에서 해돋이를 볼 수 있다는 말이 전해오는 천왕봉이 한눈에 들어온다. 							
서울 광화문에서 30년 넘는 전통의 신선하고 담백한 생복요리 전문점이다.							
전라남도 담양은 대나무의 고장이기도 하지만 떡갈비의 명소이기도 하다. 떡갈비본가는 옛부터 독특한 맛이 일품인 떡갈비로 유명한 음식점이다. 마치 인절미(引切餠, 찹쌀을 불려 쪄서 적당한 크기로 잘라 고물을 묻힌 떡)를 연상시키는 정교한 모양과 입안에서 저절로 녹는 듯한 부드러운 느낌, 떡갈비의 매력적인 깊은 맛에 멀리 일본에서까지 많은 관광객이 찾아올 정도이다. 떡갈비란 이름은 갈비 모양이 마치 떡처럼 보인다하여 불리우게 된데서 유래되었다. 입에서 녹는 부드러운 느낌과 양념장 맛이 더해진 떡갈비는 먹기가 편한데다 육질이 풍부해 고기 맛을 충분히 느낄 수 있다. 게다가 구수하고 쫀득쫀득해 어린이와 여성들에게 인기다.떡갈비본가에서는 주메뉴인 한우떡갈비 외에도 돼지떡갈비나 정식메뉴를 즐길 수 있으며, 한정식과 같은 깔끔하고 다양한 반찬과 후식까지 제공된다.							
맛의 고향 전라남도 순천에 위치한 장원식당은 선암사를 대표하는 오래된 맛집이다. 선암사 앞에는 많은 식당들이 모여 있는데 그 중 하나로 선암사가 관광단지로 조성되기 전부터 선암사와 함께 하였다.메뉴로는 다채로운 나물들과 깻잎, 고추장아찌, 꼬막 등 25여가지의 맛깔스러운 반찬들과 함께하는 산채정식과 토종닭요리, 간단하면서 든든하게 하는 산채비빔밥 등을 즐길 수 있다.특히, 장원식당은 모든 장을 손수 만들어 깊은 장 맛을 느낄 수 있는 곳이다.							
장어 및 백숙, 오리, 다슬기 해장국, 곤드레 가마솥밥을 맛볼 수 있는 곳이다.							
지리산 뱀사골 달궁마을에 위치하고 있는 지리산식당은 토종흑돼지 전문 지리산 맛집이다.뱀사골 지리산식당의 주메뉴인 육질좋은 토종흑돼지를 숯불에 직접 구워서 야외에서 3년 이상 숙성시킨 김치와 함께 맛볼 수 있는 흑돼지구이는 쫄깃하고 고소한 맛이 일품이다. 이 외에도 17가지 산채정식, 토종닭요리, 매운탕 등 다양한 메뉴를 편안하고 부담없이 즐길 수 있고, 또한 신비의 약수 고로쇠, 각종 산나물, 영지버섯, 토종벌꿀 및 특산물도 구입할 수 있다.특히, 이곳은 TV에 방영된 유명 맛집으로 소개될 정도로 그 맛이 좋아 각 지방에서 많은 사람들이 찾고 있다.식당이 자리한 달궁마을은 숙박시설과 음식점들이 많고, 바로 옆에는 달궁계곡이 있어 가족단위의 여행객들이나 지리산 등산객들이 휴식을 취하기 좋다.							
150여가지의 신선하고 다양한 세계요리를 제공하는 씨푸드 뷔페이다.200여석의 개별 테이블과 6개의 소규모 별실 및 4개의 개별 연회장이 별도로 있어 하우스 웨딩, 돌잔치 등 각종 연회와 파티행사에 적합한 곳이다.							
1920년대 이 업소의 모태인 팔당 예봉옥이란 상호로 창업하여 조부모님대에서 민물장어, 민물매운탕맛을 이루어내어 그맛의 비결을 전수받고 1995년 팔당양평간 국도공사로 인해 부모님대에서 머치골로 이전을 하여 4대에 걸쳐 장인정신으로 직접 음식을 만들고 있다.							
충북 제천시 신한은행 바로 뒷편에 위치하고 있으며 교통이 편리하다. 한우 '고관대작'은 1+이상의 등급을 받은 것만 들어오고, 돼지고기는 숯사료를 먹인 국내산이다. 이 돼지는 균에 강해서 항생제주사도 덜 맞고 콜레스테롤 수치도 낮으며, 고소한 맛이 좋다. 참숯은 박달재 명암에서 들러온다. 방으로 되어있어 손님접대 하기에 좋은 곳이다.(제천시 모범업소)							
부산 태종대 버스 종점에 위치한 업소로 부산 지역의 신선한 해산물로 우려낸 육수로 특유의 시원한 맛을 내는 부산에서 이름난 짬뽕 전문집이다. 여러 종류의 해물이 올라간 태종대짬뽕이 대표메뉴이고, 주문시 매운맛을 선택할 수 있다. 							
함평나비축제와 대한민국 국향대전을 개최하는 함평엑스포 공원 앞에 자리하고 있는 업소로서 함평축산농협이 직영을 하고 있으며 함평천지 한우고기의 진가를 맛볼 수 있는 곳이며, 대형 세미나실이 준비되어 있어 가족단위 행사는 물론 직장 및 단체 워크샵을 개최할 수 있다. 1층은 셀프식당, 2층은 식당관으로 운영되고 있다.							
한남동 한강진역 부근에 위치한 패션5(Passion5)는 파리바게뜨, 던킨도너츠, 베스킨라빈스를 비롯하여 커피전문점 파스쿠찌,이탈리안 그릴요리 전문 레스토랑 라그릴리아 등을 운영하고 있는 식품전문업체인 SPC그룹에서 오픈한 프리미엄 디저트 갤러리 카페이다.패션5는 빵, 과자, 케익류와 같은 베이커리 매장에 새로운 디저트 문화를 도입하여, 수제 초콜릿과 푸딩을 비롯한다양한 디저트 제품을 선보여 마치 갤러리를 관람하 듯 이동하며 고르는 재미를 만끽할 수 있도록 하였다.패션5의 매장은 빵(Bakery)과 케이크(Patisserie), 초콜릿(Chocolat), 커피(Cafe)를 파는 4가지 섹션으로 구성되어 있으며,여기에 만드는 이들의 열정(Passion)이 더해지는 공간이라는 의미에서 붙여진 이름이라고 한다.br매장의 진열도 상당히 화려하고 다양한 음식이 진열되어 있다. 섹션별로 분위기가 모두 다르다.프랑스, 독일 등 세계 각국의 특색있는 각종 베이커리는 물론 다양한 케이크, 푸딩,수제 초콜릿 등 3~400여 종류의 디저트를 만날 수 있다.							
해운대 바닷가에서 5분 거리에 위치하고 있다. 해운사계의 옥상 텃밭에서 직접 재배한 유기농 야채를 식탁에 놓고 있으며 4인실부터 비즈니스 접대나 회식, 각종 모임이 가능한 독립된 룸(4인실, 6인실, 8인실, 12인실)과 70인실까지 수용할 수 있는 홀이 구비되어 있다. 모든 룸에서는 아름다운 조경을 느낄 수 있다.							
충북 옥천에 향토 음식으로서 민물 생선을 12시간 동안 뼈째 푹 삶아 육수를 만들어 낸 색다른 음식이다. 옛 어른들이 강가에서 낚시하여 잡은 민물고기로 매운탕을 드시고 남은 국물에 소면을 넣어 먹었던 것에서 시작된 음식으로 전해지고 있는 생선국수이다.							
삼청동에서 경치가 좋기로 소문난 카페이다. 1층은 자연바위, 2층은 편안한 의자, 3,4층은 실내에서 경치 조망, 5층은 실외에서 경치조망을 할 수 있도록 각 층별로 색다른 인테리어가 돋보이는 장소이다. 북악산과 인왕산, 경복궁 등이 한 눈에 보이는 곳으로 계절별로도 자연경치를 감상할 수 있으며 일몰 때는 환상적이다. 							
남미 음식 슈하스꼬 전문점, 스테이크 무한리필 상파울루. 슈하스꼬란? 브라질식 그릴 스테이크 코스요리로 여러 종류의 고기를 꼬치에 끼워서 숯불에 구워 요리사가 홀을 돌면서 익힌 고기를 손님들에게 직접 서빙하고 스테이크와 과일등을 무한리필로 제공하는 음식이다. 대학로점에서는 와인 아카데미를 무료로 운영하고 착한 가격으로 와인을 즐길 수 있는 기회를 제공하고 있다. 이국적인 소품과 인테리어로 남미의 음식과 분위기를 만끽할 수 있는 곳이며, 외국인들의 출입이 많은 곳이다.							
옛 만호나루터에서 서해안 별미인 굴탕과 굴밥 간장게장 꽃게탕, 꽃게찜, 세꼬시등을 제맛나게 선보인다. 주인 부부가 직접지은 쌀과 야채로 음식을 만들어 내고 있는 집이다. 큰 명절을 제외하고 연중무휴. 2008년 2월 22일 KBS 2 TV  VJ 특공대에 방영,  KBS 맛집으로 선정되었다. 간장게장정식과 굴밥에는 한 가마니에 200만원 하는 적토미가 들어간다. 특히 간장게장정식을 드시면 가마솥 밥이 서비스로 나간다.							
외관이 깔끔한 모범음식점인 늘봄은 단체회식으로도 적합한 곳으로 가족과 연인, 친구와 동행하여 질 좋은 고기를 맛볼 수 있다. 							
 안동 닭갈비의 실내에는 11개의 좌식테이블이 준비되어 있으며, 국내산 닭고기만을 취급하고 있다. 메뉴로는 떡, 고구마, 양배추, 깻잎이 양념과 어우러져 있는 매콤한 닭갈비, 쫄깃쫄깃한 닭고기와 양배추, 당근, 양파와 당면이 양념에 졸여진 안동찜닭이 이곳의 대표메뉴이다.							
천계닭갈비는 친구, 연인, 가족단위는 물론 단체회식장소로도 적합한 곳으로 넓은 주차장과 넉넉한 좌석이 준비되어 있으며, 국내산 닭고기만을 취급하고 있다. 							
경기도 가평군 가평읍 달전1리마을회관 맞은편에 위치한 전통손두부닭갈비는 흙으로 지어진 기와집으로 시골의 조용한 가정집을 연상시키며, 실내에는 25개의 좌식테이블이 준비되어 있다. 잣, 콩, 쌀, 김치, 닭고기는 국내산을 사용하고 있으며, 식자재의 원산지를 자세하게 설명해 놓았다. 							
보쌈 전문점이다. 맛깔스러운 보쌈김치와 기름기 쪽 빠진 담백한 수육이 일품이다. 보쌈뿐만 아니라, 족발과 족쌈, 새싹쟁반무침면 등 다양한 메뉴가 있다. 							
 청평역 인근에 위치한 춘천원조닭갈비에서는 깻잎, 양배추 등과 떡과 고구마, 닭고기가 매콤한 양념과 어우러진 닭갈비가 대표메뉴로 볶음밥, 우동, 고구마, 떡 등을 추가주문을 할 수 있다. 							
 청평안전유원지 내에 있는 통나무집은 20년 전통의 손맛을 자랑하는 음식점으로 음식점의 입구에는 잘 가꾸어진 정원수와 시원하게 돌아가는 물레방아가 있다. 음식점은 통나무로 지어져 있고, 2층 테라스에는 파라솔이 있는 테이블이 준비되어 있어 시원한 물가를 바라보며 식사를 즐길 수 있다. 다양한 메뉴와 함께 차와 칵테일도 준비되어 있다.							
 체리보이카페는 새벽까지 생음악이 흐르는 라이브 뮤직 카페로 창 밖으로는 청평호반이 보이고, 테라스에는 파라솔이 있는 테이블이 있다. 							
청평호반 인근에 위치한 필라이브는 카페 겸 음식점으로 하얀 건물이 인상적이다. 오전7시에서 저녁7시 사이에는 콩나물국밥, 멸치국수, 비빔국수, 감자전, 김치전 등의 음식을 즐길 수 있는 음식점이고, 저녁6시에서 저녁12시까지에는 색소폰과 음악이 연주가 되는 카페로 사용된다.							
운악산 입구에 위치한 할머니손두부집은 40년 전통의 손맛을 자랑하고 있는 손두부전문점으로 콩, 쌀, 김치, 닭고기, 돼지고기는 국내산을 사용하고 있다. 							
하늘땅별땅은 호명산과 호명호수가 있는 환상의 드라이브 코스길에 위치하고 있으며, 음식점과 펜션을 함께 운영하고 있다. 실내의 분위기는 토속적이고 조용한 분위기이고, 야외테라스에서 운치있는 식사를 즐길 수 있다. 호명호수는 걸어서 갈 수 있는 거리에 있고, 남이섬은 차량으로 15분, 강촌리조트는 25분, 아침고요수목원은 30분 거리에 위치해있으며, 인근에는 민물낚시터가 있어 낚시를 할 수 있다. 							
황소고집은 원목으로 지어진 건물 외관이 인상적인 음식점으로 실내에는 23개의 좌식테이블이 마련되어 있으며, 조용한 분위기이다. 대표메뉴인 오리회전구이는 한입크기로 먹기 좋게 자른 오리고기를 꼬치에 꽂아 즉석으로 구워 먹기 때문에 기름기가 쫙 빠져 담백하고 고소하다. 							
이덕분추어탕은 서울에서 춘천방향으로 청평댐을우회전하면 바로 길 옆에 있다. 실내에는 12개의 좌식테이블이 준비되어 있으며, 편안한 소박하고 분위기이다.이덕분추어탕은 상호특허등록이 되어 있고, 고유향토음식점으로 지정되어있는데 동의보감에 나온 미꾸라지의 성분과 효능은 다음과 같다. 양질의 단백질이 주성분으로 철분, 칼슘, 무기질, 미네랄이 풍부하여 고혈압, 동맥경화, 비만증, 노화방지, 세균의 저항력을 높여주어 감기와 눈병의 예방에도 좋으며, 장을 보호하고 소화촉진, 변비, 병후회복에 아주 좋은 식품이다. 하루에 20마리를 다려 먹으면 양기부족에 특효가 있으며, 피부질환인 부스럼의 체질개선에도 좋다고 한다.추어탕은 미꾸라지를 갈아서 만든 간추어탕 또는 미꾸라지를 통째로 넣은 통추어탕으로 선택주문이 가능하며, 커다란 뚝배기에 담아져 나온다.							
아침고요수목원 인근에 위치한 축령산은 영양과 맛과 위생을 최우선으로 하여 정성을 다하고 있는 음식점이다. 넓은 주차장과 깔끔한 음식점 외관이 인상적인 축령산의 실내는 넓고 깨끗한 분위기로 25개의 좌식테이블이 준비되어 있어 편안하게 식사를 할 수 있다. 쌀과 닭고기는 국내산만을 사용하고 있으며, 전화예약이 가능하기 때문에 단체손님일 경우에는 미리 예약을 하면 편리하게 식사를 할 수 있다.							
청평호수 인근에 위치한 언덕위에식당은 실내에는 15개의 좌식테이블이 준비되어 있으며, 쌀, 배추김치, 닭, 오리는 국내산만을 사용하며 키우는 토종닭을 직접 잡아 바로 요리를 해준다. 함께 나오는 밑반찬들은 정갈하고 맛이 있으며, 메뉴로는 간해독을 돕고 위를 편안하게 해주는 옻닭백숙과 화야산 도토리를 주어서 직접 쑨 도토리묵, 도토리묵밥, 도토리수제비 등이 다양하게 준비되어 있다. 가까이에 있는 청평호수에서는 바나나보트, 수상스키 등의 수상레저를 즐길 수 있다. 							
초록풍경맛집은 유명산 인근에 위치한 음식점으로 펜션을 함께 운영하고 있다. 초록풍경은 2층 건물로 1층에는 7개의 노래연습장이 있는 노래방을 갖추고 있고 방갈로 시설이 완비되어 있으며, 2층에는 객실과 80명이 수용되는 식당이 있다. 미니마트, 주차장 등이 마련되어 있으며, 물놀이를 할 수 있는 시원한 계곡 옆에는 야외바베큐 파티를 즐길 수 있는 테이블과 바비큐시설이 마련되어 있다. 							
운악산 입구에 위치한 황토가든은 손두부를 전문으로 하는 토속음식점으로 음식점 외부로 주방이 오픈되어 있어 직접 두부를 만드는 과정을 볼 수 있다. 실내에는 모두 원목으로 인테리어가 되어 있어 토속적이고 깔끔한 분위기이다. 친구, 연인, 가족 단위는 물론 단체예약도 가능하며, 운악산 아래에 위치하여 있기 때문에 공기가 좋고, 옆에는 냇가가 있어서 물놀이를 즐길 수도 있다. 							
가평읍 읍내리 가평군청 앞에 위치한 대나무통와인삼겹살은 2004년에 개업한 음식점으로 2009년에는 대한양돈협회에서 국산 돼지고기 판매 인증점으로 선정되었다. 실내에는 오픈된 주방과 함께 15개의 좌식테이블이 준비되어 있다.							
남이섬 유원지 주차장 입구에 위치한 수림닭갈비의 대표메뉴인 숯불닭갈비는 보통의 철판닭갈비와는 달리 숯불에 구워 먹는 닭갈비로 닭갈비와 함께 떡사리와 고구마사리도 숯불에 구워 먹는다. 식탁 위에 설치된 후두가 식탁 바로 위까지 내려와서 연기를 바로 빨아들이기 때문에 냄새가 옷에 배지 않고 깔끔하게 식사를 즐길 수 있다.							
남이섬 선착장 건너편에 위치한 만조이천쌀밥의 실내에는 25개의 좌식테이블이 준비되어 있으며 편안하고 깔끔한 분위기이다. 친구, 연인, 가족단위는 물론 각종단체모임을 하기에 적합한 곳이다. 만조에서 식사를 하면 1일 무료주차를 할 수 있어 차를 미리 주차하고 남이섬관광을 한 뒤에 식사를 할 수도 있다.많은 손님들의 요청으로 시중가격보다 저렴한 가격으로 간장돌게장, 양념무침게장, 청국장, 어리굴젓, 조림간장, 볶음간장 등의 일부 반찬들을 판매하고 있다. 							
가평터미널에서 도보5분 거리에 위치한 대구왕뽈데기의 실내에는 11개의 좌식테이블이 준비되어 있으며 깔끔하고 편안한 분위기이다. 점심특선 메뉴인 볼해장국은 오후2시까지 주문할 수 있다.							
음식점과 함께 양어장을 직영으로 운영하고 있는 월곡가든의 건물 외관은 일반주택과 같은 모습으로 실내에는 11개의 좌식테이블이 준비되어 있다. 특히, 회를 먹고 난 뒤 나오는 수제비를 넣은 매운탕은 얼큰하고 개운하다. 							
살구재추어탕의 주메뉴인 추어탕은 통추어탕, 간추어탕 두 가지로 나누어지는데, 통추어탕은 미꾸라지를 아무 손질도 하지 않고 그냥 통째로 넣은 것이고, 간추어탕은 미꾸라지를 갈아서 넣은 것이다. 유기농으로 채소를 직접 재배하여 제공하고 있으며, 미꾸라지, 김치, 쌀, 닭은 국내산을 사용하고 있다. 							
삼원가든은 서울에서 춘천방향으로 경춘국도를 타고 오다가 신청평대교를 건너자마자 왼쪽으로 5킬로미터를 진행하면 왼쪽에 자리 잡고 있다. 강과 산이 어우러져 멋진 자연경관을 자랑하고 있으며, 식당과 함께 민박을 함께 운영하고 있어 친구, 가족단위는 물론 MT, 직장야유회, 동호회모임 등의 단체모임에도 적합한 곳이다. 노래방기기, 캠프파이어, 족구장 등의 여러 시설들이 준비되어 있고, 여름에는 시원한 수상스키, 웨이크보드와 바나나보트, 날으는 바나나, 커플땅콩, 제트스키 등의 각종 수상레저를 즐길 수 있으며, 식당 바로 옆에서는 번지점프를 할 수도 있다. 삼원가든에서는 국내산 쌀과 배추김치를 사용하고 있다. 							
한방오리와 토종닭을 전문으로 하는 산마루가든은 청평호반을 따라 환상의 드라이브 코스에 위치한 음식점으로 민박과 식당을 함께 운영하고 있다. 주변에는 호명호수와 더불어 호명산 아래로 길게 펼쳐진 계곡은 훌륭한 휴식처로서 등산과 함께 그 묘미를 즐길 수 있으며, 호명호수 팔각정에서 내려다보는 청평호반 역시 일품이다. 계곡 중간에는 상천낚시터가 있어 낚시를 즐길 수 있으며, 청정지역이라 매점이 없으니 식수 등은 챙겨서 올라가야 한다. 							
경춘국도변의 유일의 전문점인 메밀촌막국수는 경춘가도를 따라 청평 쪽으로 가다보면 청평검문소를 지나 바로 위치해 있다. 메밀면을 직접 뽑고 있으며, 모든 메뉴에는 백김치가 함께 나온다.							
가평군청 인근에 위치한 다한우는 음식점과 목장, 정육점을 함께 운영하고 있어 도매업자들의 중간마진이 없앴기에 때문에 소비자들이 저렴하게 한우를 즐길 수 있다. 전국한우협회를 통해 한우판매점 인증을 받은 ‘다한우’는 고급 먹거리인 한우고기가 저렴하게 판매되고 있다는 소문이 퍼져 주변 회사들의 회식장소로도 많이 이용되고 있다. 2인부터 40명의 단체까지, 다양한 룸에 좌식테이블이 준비되어 있어 편안한 공간을 제공하고 있다. 다한우에서는 볏집을 먹여 키운 질 좋은 1등급 한우만을 제공하고 있으며, 가평숯만을 사용하고 있다. 주문판매도 가능하다.							
산골농원은 펜션과 식당을 함께 운영하고 있다. 1박 2일패키지와 당일패키지 등 식사와 펜션을 함께 즐길 수 있는 패키지 상품도 준비되어있다.							
솔모랑해장국은 시골 어머니의 손맛 그대로인 해장국집으로 ‘솔모랑’이란 동구 밖 모퉁이에 오랜 세월 속에 노송들이 빽빽이 들어서 마을에 바람막이와 울타리 역할을 하여 이 마을을 지켜온 유래 깊은 솔나무가 많은 모퉁이라고 하는 지명이다. 옛날방식 그대로 가마솥에 사골국물을 우려내어 선지와 양을 듬뿍 넣어도 냄새가 나지 않고 시원한 국물 맛을 볼 수 있다. 쌀과 김치는 국내산을 사용하고 있다.							
뚝마루가든은 가평터미널에서 차로 약 10분 거리에 위치하고 있다. 뚝마루가든 앞의 뚝방길을 내려가면 용추계곡에서부터 물이 흐르는 개울가가 있는데 다리 밑에는 평상이 준비되어 있고, 뚝마루가든에서 빌려주는 낚시대로 낚시를 할 수 있다. 또한 개울가 근처에서 텐트야영을 할 수 있으며, 물놀이도 즐길 수 있다. 가까운 거리에 용추계곡, 연산, 칼봉산 등이 있다.* 명절기간 이외에 한달에 한번 휴무를 하기 때문에 방문 전 전화 하는 것이 좋다. 							
수라상쌈밥은 아침고요수목원 인근에 위치한 식당으로 유기농으로 직접 재배한 야채와 채소, 식재료로 각종 반찬 및 음식을 정성을 다해 만들어 제공하고 있다. 특히 직접 재배한 콩으로 만든 손두부는 전통시골두부의 맛을 그대로 살렸기 때문에 일반 시중의 두부와는 차별화된 고소하고 깊은 맛이 있다. 대표메뉴인 수라상쌈밥은 제육볶음, 계란찜, 된장찌개 등 10가지 이상이 나오며 직접 재배한 유기농 야채쌈 종류가 계절에 따라 5~10가지 정도가 준비되어져 어머니가 차려주신 시골밥상처럼 푸짐하다. 							
조무락골은 ‘깊은 계곡의 맑은 물소리와 함께 새들이 즐겁게 춤을 추며 노는 곳’이란 뜻으로 경기도 가평군과 강원도를 경계로 하는 화악산과 석룡산 사이에서 시작되어 7km이르는 계곡이 자연의 모습 그대로를 간직한 곳이다.   조무락은 펜션과 식당, 농장을 함께 운영하고 있으며, 조무락폭포가 조무락농장의 중심부에 자리하고 있다. 천장이 높은 식당의 규모는 200평방미터로 각종 중소모임에 적합하며, 농약과 화학비료를 사용하지 아니하고 자연농법에 의한 안전한 먹거리를 재배하여 제공하고 있다. 자연 그대로 보존된 곳에서 오염요소 없이 생산되는 각종 쌈거리의 독특한 맛과 향이 도시에서는 느낄 수 없는 원래 쌈맛을 기억하게 한다. 특히, 주메뉴인 허브삼겹살은 조무락만의 독특한 맛과 향이 있다.							
청평터미널 인근에 위치한 단고기집은 단고기와 삼계탕을 전문으로 하는 음식점이다. 20년 전통의 2대째로 이어져 단고기집을 운영하고 있으며, 출장요리도 가능하다. 실내는 좌식테이블이 준비되어 있다. 							
청평농협 인근에 위치한 밤나무집은 한식전문점으로 음식점의 내부는 통나무로 인테리어를 하여 깔끔한 느낌을 주고 있으며, 편안한 좌식테이블이 준비되어 있다. 쌀과 김치, 생선, 유황오리, 토종닭은 국내산을 사용하고 있다. 							
청평검문소를 지나 청평농협 인근에 위치한 그옛날두부집은 콩요리전문점으로 시간대 상관없이 아침식사가 가능하다. 음식점의 외관에는 장작을 가득 쌓아 놓았으며, 직접 두부를 제조하는 곳이 보인다. 내부는 편안한 좌식 테이블이 준비되어 있다. 							
경기도 가평군 가평읍에 위치한 인천집은 2002년에 개업한 음식점으로 실내는 편안하고 소박한 분위기로 14개의 좌식테이블이 준비되어 있다. 주변여행지로는 칼봉산 경반계곡과 수락폭포, 용추폭포, 임산의 임산계곡과 임산폭포, 석룡산자락을 흐르는 조무락골, 복회동폭포, 도마치계곡과 무주체폭포, 명지산과 명지폭포, 화악산 화악계곡과 화악폭포 등이 있다.							
도원중화요리는 가평 터미널의 인근 50m거리에 위치한 음식점으로 이 집에서는 독특하게 맥반석으로 구워 만든 도자기 쟁반을 이용하여 음식을 담아내는 메뉴가 있다.							
향단이는 2009년에 개업한 음식점으로 실내는 깔끔한 분위기로 8개의 좌식테이블과 4개의 입식테이블이 준비되어 있으며, 쌀, 배추김치, 돼지고기는 국내산만을 사용하고 있다. 							
청평호반가에 위치한 강마루는 실내는 좌식테이블이 마련되어 있으며, 룸으로 나뉘어져 있어 편안하고 오붓하게 식사를 즐길 수 있다. 가까이에 대성리관광지와 강촌스키장이 있으며, 다양한 수상레저를 즐길 수 있다. 							
경기도 가평군 청평면 청평리에 위치한 청평호반닭갈비는 실내에는 20개의 좌식테이블이 준비되어 있으며, 편안하고 깔끔한 분위기이다. 청평호반닭갈비에서는 닭, 김치, 쌀을 100% 국내산으로만 사용하고 있다. 닭갈비, 닭내장을 주문시에는 막국수사리, 볶음밥, 우동, 고구마, 떡 등을 추가주문을 할 수 있다.*영업시간은 사정에 따라 변경 될 수 있으니 전화문의 요망 							
함지박은 경기도 가평군 청평면 상천역 앞의 상천2리회관 옆에 위치한 손두부전문음식점으로 하얀색 건물의 실내에는 13개의 좌식테이블이 준비되어 있으며, 조용하고 깔끔한 분위기이다. 단체석이 완비되어 있어 가족모임, 회식, 계모임 등의 각종단체모임예약이 가능하다. 까다롭게 고른 좋은 친환경적인 식재료를 사용하여 음식을 만들고 있다.  							
에덴휴게소 SK주유소 옆에 위치한 봉녀수제비는 토속음식전문점으로 실내분위기는 시원스럽고 깔끔한 느낌을 주며 33개의 좌식테이블이 준비되어 있다. 시원하게 큰 창밖으로 자연풍경을 감상하며 식사를 즐길 수 있다. 주변여행지로는 호명산, 호명호수공원, 상천낚시터, 드라이브코스, 남이섬, 쁘띠프랑스, 조종천계곡, 가평썰매장, 자라섬, 재즈페스티벌, 청평호반수상레저, 에덴놀이동산, 대금산, 용추계곡과 폭포, 경반리계곡, 녹수계곡 등이 있다. 							
대성리에 위치한 음식점인 맷돌순두부에서는 식재료인 여주쌀, 김치, 양념, 육류, 콩을 100% 국내산만을 사용하고 있다. 아침식사도 가능하며, 인근에 대성리유원지가 있어 자전거하이킹과 산책을 즐길 수 있다. 							
청평검문소 인근에 위치한 청하가든에서는 국내산 쌀과 배추, 돼지고기, 닭고기를 사용하고 있으며, 실내에는 14개의 좌식테이블이 마련되어 있다. 메밀막국수와 수육이 대표메뉴이며, 백숙 또한 맛이 좋기로 유명하다. 							
가평군 목동터미널 인근에 위치한 평화막국수 (평화식당)의 실내에는 12개의 좌식테이블이 준비되어 있으며 편안한 분위기이다.							
하늘마루는 명지산 뒷자락의 임산계곡 최상단에 자리 잡은 곳으로 펜션과 식당을 함께 운영하고 있어 M.T 및 수련회, 야유회, 워크샵 등 각종 모임에 적합하다.하늘마루에는 지하 250m 천연 암반약수가 나오며, 전혀 오염되지 않은 1급 청정수의 계곡물이 바로 앞에 흐르고 있어 물놀이를 즐길 수 있다. 또한 주변에는 여러 종류의 약초와 산나물이 수만평 넓이로 초원지대를 이루고 있으며, 유기농채소를 직접 재배하여 제공하고 있다. 주메뉴인 장작불바비큐구이는 주변의 시원한 경관을 배경으로 하여 야외에서 즐길 수 있다. 							
설악한우마을은 식장과 정육점과 농장을 직접 운영하고 있다. 직영식당에서 사용하는 쇠고기는 갈현목장에서 직접 키운 한우암소만을 취급하고 있으며, 돼지고기는 강원도 철원 청정육을 사용하고 있다. 참숯만을 사용하여 고기를 굽기 때문에 고기 본연의 참맛을 느낄 수 있으며, 고기를 주문하면 간과 천엽을 기본으로 제공하고 있다. 농작직영으로 설악한우마을에서 직접 키운 한우암소는 대량주문 및 식당납품으로도 판매를 하고 있는데 구입문의는 전화와 인터넷홈페이지를 이용하면 된다.							
서울에서 춘천간 고속도로를 타고 가다가 설악IC로 빠져 청평방면으로 가다보면 서호식당이 청평호수를 배경으로 위치하고 있다. 식당과 함께 모텔과 수상스키장을 함께 운영하고 있어 커플과 가족단위 외에도 단체모임에도 적합하다. 플라이피쉬, 바나나보트, 수상스키, 웨이크보드 등의 수상레저를 즐길 수 있고, 야외식당에서는 시원스럽게 펼쳐진 청평호수를 바라보며 식사를 할 수 있다. 							
운악산 입구에 위치한 아름가든은 아름펜션과 함께 운영되고 있는 음식점이다. 1일 이벤트가 가능하며 수련회, 워크샵, 친목회 장소로도 적합한 곳이다. 애완견동반은 전화로 문의해야 한다. 							
황후 명가'는 인사동 한류 대표 맛집으로 소문난 '(구)황우삼계탕'의 새로운 이름이다. 황후 명가는 고온의 가마솥에 19가지 이상의 약재와 곡류를 갈아 넣고 28시간 이상을 끓인 보양식이다. 이 때문에 황후 명가의 국물은 입자를 찾아볼 수 없을 정도로 곱고 진한 빛깔이 우러나는 것이 특징이다. 특히, 백근의 삼계살과 조화를 이루며 보양식을 넘어 보약게 가까운 메뉴로 탄생하게 되었다.							
빗고개청국장은 모범음식점으로 실내는 깔끔하고 편안한 분위기로 좌식테이블에 전체 60석이 마련되어 있다. 돌솥밥과 반찬이 한상가득 차려지는 한정식집으로, 청국장, 된장, 도토리가루, 게장 등은 별도로 포장판매도 하고 있다. 							
잣국수로 유명한 명지쉼터가든은 경기도 음식선정의 집으로 TV방송으로 여러번 방영되었던 음식점이다. 잣가루와 밀가루를 이용하여 면을 만들고 고소한 100% 잣국물을 부어 ‘김덕수잣국수’라는 이름으로 상표등록을 하고 ‘잣국수 및 그 외 제조방법’으로 특허등록을 하였다. 특히, 잣국수는 밑반찬으로 나오는 김치를 곁들어 먹으면 그 맛이 일품이다. 닭과 청둥오리는 냉장보관한 닭이 아니라 직접 잡아서 요리를 하고, 민물매운탕도 민물고기를 직접 잡아서 매운탕을 끓여 주고 있다. 							
낙지요리전문점인 “무교동낙지미락”은 모범음식점으로 흰색의 깔끔한 건물의 외관대로 실내의 분위기 역시 깔끔하고 차분한 인상을 준다. 실내에는 24개의 좌식테이블이 준비되어 있다. 빛 고운 고춧가루와 신선한 재료들을 이용하여 맛과 정성, 청결을 최우선으로 하여 음식을 만들고 있다. 							
초옥동마을에 위치한 초옥동해장국은 모범음식점으로 아침식사가 가능하다. 23개의 테이블이 마련되어 있고, 1개의 별실이 있다. 주변여행지로는 남이섬, 아침고요수목원, 쁘띠프랑스 등이 있다. 							
모범음식점인 마당왕족발보쌈의 실내는 깔끔하고 편안한 분위기로 9개의 좌식 테이블이 마련되어 있으며, 각 자리마다 파티션이 되어 있어 오붓하게 음식을 즐길 수 있다. 국내산 돼지와 국내산 쌀과 배추김치를 사용하고 있다. 							
모범음식점인 시골밥상 닭갈비집은 통나무로 지어져 항아리로 장식되어 토속적인 분위기를 주며, 건물 내부는 시골의 정취가 담긴 아늑한 분위기이다. 농약을 전혀 사용하지 않은 친환경 유기농의 신선한 채소와 국내산 쌀과 배추, 닭, 돼지고기, 한우만을 이용하여 음식을 만들고, 절대로 국, 밥, 반찬을 재활용하지 않고 있다. 친절한 서비스와 함께 정성이 가득담긴 푸짐한 상차림으로 맛있고 기분 좋은 식사를 즐길 수 있는 음식점이다. 1층에서는 쌈밥과 청국장등을 맛볼 수 있으며, 2층은 닭갈비메뉴를 맛볼 수 있다. 							
경기도 가평군 설악면 가일리에 위치한 종점가든은 토속음식을 전문으로 하는 모범음식점으로 TV프로덕션의 추천맛집이기도 하다.							
설악고기본부는 가족, 친구와의 동행은 물론 단체회식을 하기에 적합한 곳으로 한우 암소1등급플러스인 생등심을 비롯한 다양한 메뉴들이 준비되어 있고, 신선한 채소들과 계란찜 등의 정갈하고 깔끔한 밑반찬들이 풍족하게 제공된다. 							
신흥회관은 생고기 화로구이 전문 음식점으로 가족외식은 물론이고 단체회식에도 적당한 음식점이다.							
아침고요수목원 입구에 있는 오성가든은 모범음식점으로 본관 및 별관, 야외에서도 식사가 가능하며, 단체예약은 미리 해야 한다.10여 가지의 몸에 좋은 한약재와 엄선된 고기로 조리한 한방보쌈은 다시 바비큐기계에서 기름을 빼내었기 때문에 은은한 한방향과 잣향의 고소함이 어우러져 그 맛이 담백하며 건강에도 유익하며, 모듬보쌈정식은 한방보쌈과 훈제오리보쌈과 각종 야채, 명이나물과 산나물 등의  반찬과 함께 된장찌개가 나온다. 또한 막국수는 100% 봉평메밀을 사용하여 만들었다.							
남이섬 입구에 위치한 남이섬 풍경닭갈비는 모범음식점으로 20개의 좌식테이블이 있는 음식점으로, 단체, MT, 야유회를 하기에 적합한 곳이다.